"URL","Last Mod","Priority","Freq"
"https://www.zero-one-zero.com/","2024-03-01T14:52:22+00:00","1.0000","daily"
"https://www.zero-one-zero.com/contact","2024-03-01T14:52:22+00:00","0.8000","daily"
"https://www.zero-one-zero.com/home","2024-03-01T14:52:22+00:00","0.8000","daily"
"https://www.zero-one-zero.com/about","2024-03-01T14:52:22+00:00","0.8000","daily"
"https://www.zero-one-zero.com/about/ai","2024-03-01T14:52:22+00:00","0.8000","daily"
"https://www.zero-one-zero.com/about/card-game","2024-03-01T14:52:22+00:00","0.8000","daily"
"https://www.zero-one-zero.com/about/offers","2024-03-01T14:52:22+00:00","0.8000","daily"
"https://www.zero-one-zero.com/do-it-yourself","2024-03-01T14:52:22+00:00","0.8000","daily"
"https://www.zero-one-zero.com/do-it-yourself/aio-power-fix","2024-03-01T14:52:22+00:00","0.8000","daily"
"https://www.zero-one-zero.com/do-it-yourself/formatting-drives","2024-03-01T14:52:22+00:00","0.8000","daily"
"https://www.zero-one-zero.com/do-it-yourself/install-windows","2024-03-01T14:52:22+00:00","0.8000","daily"
"https://www.zero-one-zero.com/do-it-yourself/internet-fix-guide","2024-03-01T14:52:22+00:00","0.8000","daily"
"https://www.zero-one-zero.com/do-it-yourself/refresh-your-pc","2024-03-01T14:52:22+00:00","0.8000","daily"
"https://www.zero-one-zero.com/do-it-yourself/remove-broken-headphone-jack","2024-03-01T14:52:22+00:00","0.8000","daily"
"https://www.zero-one-zero.com/do-it-yourself/reset-password","2024-03-01T14:52:22+00:00","0.8000","daily"
"https://www.zero-one-zero.com/do-it-yourself/thermal-paste","2024-03-01T14:52:22+00:00","0.8000","daily"
"https://www.zero-one-zero.com/do-it-yourself/unifying-setup","2024-03-01T14:52:22+00:00","0.8000","daily"
"https://www.zero-one-zero.com/do-it-yourself/","2024-03-01T14:52:22+00:00","0.6400","daily"
"https://www.zero-one-zero.com/do-it-yourself/install-windows/","2024-03-01T14:52:22+00:00","0.6400","daily"